{"cameraMode":{"drawMode":0,"name":"Shaded","section":"Shading Mode"},"sceneLighting":false,"audioPlay":false,"sceneViewState":{"showFog":true,"showMaterialUpdate":true,"showSkybox":false,"showFlares":true,"showImageEffects":true,"showParticleSystems":true},"in2DMode":false,"pivot":{"x":0.031643591821193698,"y":-0.04946340247988701,"z":-0.29198774695396426},"rotation":{"x":0.45562753081321719,"y":0.5443074107170105,"z":-0.4923304319381714,"w":0.5037301182746887},"size":2.3457229137420656,"orthographic":false}