{"cameraMode":{"drawMode":0,"name":"Shaded","section":"Shading Mode"},"sceneLighting":true,"audioPlay":false,"sceneViewState":{"showFog":true,"showMaterialUpdate":true,"showSkybox":true,"showFlares":true,"showImageEffects":true,"showParticleSystems":true},"in2DMode":false,"pivot":{"x":4.147158622741699,"y":-1.3011558055877686,"z":9.6287841796875},"rotation":{"x":0.1664372980594635,"y":0.045833468437194827,"z":-0.007744898553937674,"w":0.9849563837051392},"size":17.81618881225586,"orthographic":false}